,Hour_0,Hour_1,Hour_2,Hour_3,Hour_4,Hour_5,Hour_6,Hour_7,Hour_8,Hour_9,Hour_10,Hour_11,Hour_12,Hour_13,Hour_14,Hour_15,Hour_16,Hour_17,Hour_18,Hour_19,Hour_20,Hour_21,Hour_22,Hour_23
Node_0,44.838782824005214,34.69393096744202,22.140764687730766,32.46570751312567,45.39171180707177,72.757444871506,105.96348815362279,96.14917302478929,88.0229530094624,62.14267542907048,68.8673642684491,71.11297336294764,82.72355757396132,85.48418660773918,114.61172223587177,123.94501331591621,142.05359694349443,157.69901149670034,136.31054691619855,131.62373988639467,97.6284425142878,87.05104068062009,72.05918885150882,51.21891031120729
Node_1,37.06603299743247,24.626532653231735,24.012272295941905,23.436990879899646,30.904665328618506,57.47612806340784,81.12119806117514,88.29813821547246,70.83874287600473,49.93944411270978,57.053692325810545,61.04746687699104,73.8543628132039,71.46398940648359,67.88232179148804,95.74546679568752,120.7227625192923,149.55890534982345,105.92250158036389,98.89485448640268,83.70842113447596,63.585518129139366,66.85693688709013,51.60927855689651
Node_2,58.27157251403245,32.72620516273894,41.05005951936996,30.95333617394779,57.16902830652146,109.71410063228981,113.51924230335331,135.84531269372008,109.07623474294653,68.37497529036337,60.835223296323846,90.61706677325425,96.52711989175806,113.11479825085996,114.41525464865407,166.31905543225255,165.90144073794775,174.20289270829784,175.17897892138865,126.27555384335105,128.865995176012,122.11714174625023,75.53265088894895,73.32936378143259
Node_3,49.24743741239243,34.501833189687396,28.041757725190138,27.774538838130315,50.5053195149611,82.3758773858655,114.80551992387382,132.4345370815613,89.4717626728465,65.48642366183043,65.87566382911156,74.28518865578906,113.91143530698967,100.54879604075316,98.65740083133034,136.40388619051302,144.40509327636283,172.59335365987923,160.68377633770663,117.4952663250981,122.78981264753641,99.96269689859038,86.57648127995593,76.13947508898526
Node_4,40.96936991278795,25.88953873979903,25.509359597048537,25.715731202096773,41.67617282046076,72.38806382371651,100.7115698334342,121.26445238920346,84.10921589177441,64.13979083208098,54.517921733867446,89.04118416612734,89.25560572122606,76.79987652610323,87.5052535190011,117.40369105072367,136.8715210054381,149.9960069172893,131.96279406962668,111.18431617824302,89.70142156292964,71.27528331263873,66.87439533553085,60.795833248211444
Node_5,52.09187809506404,29.76448815237924,34.58881514789402,35.31007909107805,46.49232707537422,86.30666340053699,119.69268374950738,120.45560394950353,105.64943107555249,71.813334779304,75.36474845359189,93.95731744229667,87.94777244683767,92.43418459286575,125.12891967978302,142.98748893240605,178.7558106672028,235.49643534113028,161.73462481360545,151.44369270645615,130.35262098556908,108.64419076331913,82.32021142055706,73.16099069935423
Node_6,55.36304871277457,30.0,30.0,30.245622418158966,73.88795140004105,97.59281768889902,192.35268342674124,201.29481909144835,285.842044026317,332.668517909021,301.92840057286384,267.6676566621208,278.540888722201,320.3879324680403,278.0890010484859,306.49375768745927,271.23043967740296,224.3615916574604,218.5909936078559,127.60702826781612,71.77371672008154,61.118725888616574,56.02928121138967,65.11460000877734
Node_7,51.561883864776874,28.0,29.41396438114528,30.42411454367634,49.278340120487655,108.25358615858138,160.02091877249595,209.36542519034884,329.43271872787074,291.3394879069068,244.69524927861872,305.70013451753374,339.4203735163537,308.9090272954321,237.4576409532876,266.44144595974495,283.9261609595029,208.14820397013932,175.45616639285663,120.67590139840857,76.21378403874411,55.66665800605392,37.84890289561319,50.263429208527974
Node_8,62.38356383108378,32.0,37.223716172581234,32.0,61.1837152851393,129.67347938926196,219.67244715006944,219.24192892980636,357.22124006895865,320.3274579526268,288.59172316646556,334.7873111764247,326.369910258351,300.79305993091856,322.23366671968057,307.6699649004237,291.26929954323595,272.9505452677388,222.45152286999075,112.15596161501634,116.47712039670017,51.50663808305599,63.028575391772264,67.76523012150129
Node_9,411.2396747094013,375.09201920717624,391.67510998570896,380.2799626136467,376.4254097222315,488.2320943659461,517.8507742982523,465.3545202369673,544.9799937716625,515.3649760438304,540.643105941948,531.4814420961807,458.5502494538964,471.9909479901515,537.3646802561632,530.5185132716732,498.95492030179264,505.86636916543915,507.4949203104791,423.3792875023877,474.6193821526517,391.9122939026442,391.2927518709112,443.9510740794876
